NAME	SYMBOL	TITLE	RANK IN GENE LIST	RANK METRIC SCORE	RUNNING ES	CORE ENRICHMENT	
row_0	MLXIPL	MLX interacting protein like [Source:HGNC Symbol;Acc:HGNC:12744]	1169	0.8123980760574341	-0.060061187	No	
row_1	UQCRHL	ubiquinol-cytochrome c reductase hinge protein like [Source:HGNC Symbol;Acc:HGNC:51714]	1214	0.7958109378814697	-0.05376346	No	
row_2	NNT	nicotinamide nucleotide transhydrogenase [Source:HGNC Symbol;Acc:HGNC:7863]	1474	0.7284309267997742	-0.060936693	No	
row_3	CAT	catalase [Source:HGNC Symbol;Acc:HGNC:1516]	2037	0.6131995320320129	-0.087321304	No	
row_4	TAFAZZIN	tafazzin, phospholipid-lysophospholipid transacylase [Source:HGNC Symbol;Acc:HGNC:11577]	2079	0.6073729395866394	-0.08295362	No	
row_5	ME3	malic enzyme 3 [Source:HGNC Symbol;Acc:HGNC:6985]	2437	0.5479757189750671	-0.09794182	No	
row_6	SNCA	synuclein alpha [Source:HGNC Symbol;Acc:HGNC:11138]	2529	0.5345931649208069	-0.097345635	No	
row_7	TRPV4	transient receptor potential cation channel subfamily V member 4 [Source:HGNC Symbol;Acc:HGNC:18083]	3044	0.4700773060321808	-0.122491695	No	
row_8	SIRT3	sirtuin 3 [Source:HGNC Symbol;Acc:HGNC:14931]	3230	0.44531524181365967	-0.12845415	No	
row_9	ACTN3	actinin alpha 3 [Source:HGNC Symbol;Acc:HGNC:165]	3816	0.391301691532135	-0.15868093	No	
row_10	SLC25A23	solute carrier family 25 member 23 [Source:HGNC Symbol;Acc:HGNC:19375]	3867	0.3856184184551239	-0.1573257	No	
row_11	COX15	cytochrome c oxidase assembly homolog COX15 [Source:HGNC Symbol;Acc:HGNC:2263]	4442	0.32740533351898193	-0.18761644	No	
row_12	IDH1	isocitrate dehydrogenase (NADP(+)) 1 [Source:HGNC Symbol;Acc:HGNC:5382]	4453	0.32612770795822144	-0.18456054	No	
row_13	MDH1B	malate dehydrogenase 1B [Source:HGNC Symbol;Acc:HGNC:17836]	4537	0.3176576495170593	-0.18591735	No	
row_14	MT-CO1	mitochondrially encoded cytochrome c oxidase I [Source:HGNC Symbol;Acc:HGNC:7419]	4696	0.30539044737815857	-0.19184765	No	
row_15	UCN	urocortin [Source:HGNC Symbol;Acc:HGNC:12516]	4909	0.2904064357280731	-0.20113967	No	
row_16	ISCU	iron-sulfur cluster assembly enzyme [Source:HGNC Symbol;Acc:HGNC:29882]	5360	0.24566888809204102	-0.22500989	No	
row_17	PANK2	pantothenate kinase 2 [Source:HGNC Symbol;Acc:HGNC:15894]	5539	0.2298988550901413	-0.2329675	No	
row_18	MTCO2P12	MT-CO2 pseudogene 12 [Source:HGNC Symbol;Acc:HGNC:52028]	5737	0.21694181859493256	-0.2421939	No	
row_19	OXA1L	OXA1L mitochondrial inner membrane protein [Source:HGNC Symbol;Acc:HGNC:8526]	5788	0.21143077313899994	-0.24278678	No	
row_20	SLC25A51	solute carrier family 25 member 51 [Source:HGNC Symbol;Acc:HGNC:23323]	6613	0.1438053846359253	-0.28991854	No	
row_21	MSH2	mutS homolog 2 [Source:HGNC Symbol;Acc:HGNC:7325]	6616	0.1436261683702469	-0.28843054	No	
row_22	NDUFA3	NADH:ubiquinone oxidoreductase subunit A3 [Source:HGNC Symbol;Acc:HGNC:7686]	6678	0.13702493906021118	-0.29050624	No	
row_23	MT-CYB	mitochondrially encoded cytochrome b [Source:HGNC Symbol;Acc:HGNC:7427]	6835	0.12485115975141525	-0.2983374	No	
row_24	IDH2	isocitrate dehydrogenase (NADP(+)) 2 [Source:HGNC Symbol;Acc:HGNC:5383]	6942	0.11721190810203552	-0.30329645	No	
row_25	NIPSNAP2	nipsnap homolog 2 [Source:HGNC Symbol;Acc:HGNC:4179]	6949	0.11669345200061798	-0.30234626	No	
row_26	NDUFS1	NADH:ubiquinone oxidoreductase core subunit S1 [Source:HGNC Symbol;Acc:HGNC:7707]	7395	0.07851000130176544	-0.32779023	No	
row_27	MT-ND5	mitochondrially encoded NADH:ubiquinone oxidoreductase core subunit 5 [Source:HGNC Symbol;Acc:HGNC:7461]	7424	0.07551335543394089	-0.3286019	No	
row_28	MT-ND6	mitochondrially encoded NADH:ubiquinone oxidoreductase core subunit 6 [Source:HGNC Symbol;Acc:HGNC:7462]	7820	0.0457804836332798	-0.35145438	No	
row_29	MT-ND4L	mitochondrially encoded NADH:ubiquinone oxidoreductase core subunit 4L [Source:HGNC Symbol;Acc:HGNC:7460]	8279	0.014253342524170876	-0.37838593	No	
row_30	MT-CO3	mitochondrially encoded cytochrome c oxidase III [Source:HGNC Symbol;Acc:HGNC:7422]	8420	0.00436894316226244	-0.38661817	No	
row_31	MT-ND2	mitochondrially encoded NADH:ubiquinone oxidoreductase core subunit 2 [Source:HGNC Symbol;Acc:HGNC:7456]	8468	0.00142197054810822	-0.38938233	No	
row_32	SUCLG2	succinate-CoA ligase GDP-forming subunit beta [Source:HGNC Symbol;Acc:HGNC:11450]	8662	-0.0011036411160603166	-0.40078604	No	
row_33	NUPR1	nuclear protein 1, transcriptional regulator [Source:HGNC Symbol;Acc:HGNC:29990]	8688	-0.00286516803316772	-0.40223277	No	
row_34	MT-ATP6	mitochondrially encoded ATP synthase membrane subunit 6 [Source:HGNC Symbol;Acc:HGNC:7414]	9055	-0.02786136232316494	-0.4235703	No	
row_35	MT-ND4	mitochondrially encoded NADH:ubiquinone oxidoreductase core subunit 4 [Source:HGNC Symbol;Acc:HGNC:7459]	9075	-0.02956271730363369	-0.42436352	No	
row_36	MT-ND1	mitochondrially encoded NADH:ubiquinone oxidoreductase core subunit 1 [Source:HGNC Symbol;Acc:HGNC:7455]	9241	-0.04346073791384697	-0.43363732	No	
row_37	ATP7A	ATPase copper transporting alpha [Source:HGNC Symbol;Acc:HGNC:869]	9293	-0.04775523766875267	-0.43611988	No	
row_38	SDHA	succinate dehydrogenase complex flavoprotein subunit A [Source:HGNC Symbol;Acc:HGNC:10680]	9365	-0.05354946851730347	-0.4397207	No	
row_39	MT-ATP8	mitochondrially encoded ATP synthase membrane subunit 8 [Source:HGNC Symbol;Acc:HGNC:7415]	9429	-0.056926093995571136	-0.4428105	No	
row_40	SUCLA2	succinate-CoA ligase ADP-forming subunit beta [Source:HGNC Symbol;Acc:HGNC:11448]	9813	-0.08723718672990799	-0.46448952	No	
row_41	NDUFA10	NADH:ubiquinone oxidoreductase subunit A10 [Source:HGNC Symbol;Acc:HGNC:7684]	9986	-0.10022895783185959	-0.47354248	No	
row_42	NOP53	NOP53 ribosome biogenesis factor [Source:HGNC Symbol;Acc:HGNC:4333]	10030	-0.10361278057098389	-0.47492716	No	
row_43	MT-CO2	mitochondrially encoded cytochrome c oxidase II [Source:HGNC Symbol;Acc:HGNC:7421]	10243	-0.12032023072242737	-0.48612142	No	
row_44	COX10	cytochrome c oxidase assembly factor heme A:farnesyltransferase COX10 [Source:HGNC Symbol;Acc:HGNC:2260]	10269	-0.12218639999628067	-0.48623365	No	
row_45	NDUFAF1	NADH:ubiquinone oxidoreductase complex assembly factor 1 [Source:HGNC Symbol;Acc:HGNC:18828]	10367	-0.13087527453899384	-0.49050754	No	
row_46	MT-ND3	mitochondrially encoded NADH:ubiquinone oxidoreductase core subunit 3 [Source:HGNC Symbol;Acc:HGNC:7458]	10376	-0.13146540522575378	-0.48951045	No	
row_47	SLC25A14	solute carrier family 25 member 14 [Source:HGNC Symbol;Acc:HGNC:10984]	10643	-0.151717871427536	-0.50354767	No	
row_48	IDE	insulin degrading enzyme [Source:HGNC Symbol;Acc:HGNC:5381]	10648	-0.1521933227777481	-0.50208217	No	
row_49	ACO2	aconitase 2 [Source:HGNC Symbol;Acc:HGNC:118]	10715	-0.15735608339309692	-0.5042262	No	
row_50	SDHD	succinate dehydrogenase complex subunit D [Source:HGNC Symbol;Acc:HGNC:10683]	10906	-0.17024323344230652	-0.51356083	No	
row_51	GHITM	growth hormone inducible transmembrane protein [Source:HGNC Symbol;Acc:HGNC:17281]	11057	-0.18236681818962097	-0.52039385	No	
row_52	PDHA1	pyruvate dehydrogenase E1 subunit alpha 1 [Source:HGNC Symbol;Acc:HGNC:8806]	11061	-0.18256860971450806	-0.5185294	No	
row_53	TNF	tumor necrosis factor [Source:HGNC Symbol;Acc:HGNC:11892]	11198	-0.1931200474500656	-0.52441406	No	
row_54	DLST	dihydrolipoamide S-succinyltransferase [Source:HGNC Symbol;Acc:HGNC:2911]	11213	-0.19461342692375183	-0.5230656	No	
row_55	IREB2	iron responsive element binding protein 2 [Source:HGNC Symbol;Acc:HGNC:6115]	11430	-0.21219034492969513	-0.533469	No	
row_56	SHMT2	serine hydroxymethyltransferase 2 [Source:HGNC Symbol;Acc:HGNC:10852]	11463	-0.21440841257572174	-0.5329639	No	
row_57	UQCRC2	ubiquinol-cytochrome c reductase core protein 2 [Source:HGNC Symbol;Acc:HGNC:12586]	11488	-0.21703015267848969	-0.53195626	No	
row_58	CS	citrate synthase [Source:HGNC Symbol;Acc:HGNC:2422]	11565	-0.2239641696214676	-0.5339469	No	
row_59	NDUFB5	NADH:ubiquinone oxidoreductase subunit B5 [Source:HGNC Symbol;Acc:HGNC:7700]	11690	-0.23443768918514252	-0.5386596	No	
row_60	NDUFS2	NADH:ubiquinone oxidoreductase core subunit S2 [Source:HGNC Symbol;Acc:HGNC:7708]	11713	-0.23638193309307098	-0.5373172	No	
row_61	FH	fumarate hydratase [Source:HGNC Symbol;Acc:HGNC:3700]	11822	-0.24587580561637878	-0.5409556	No	
row_62	ABCD1	ATP binding cassette subfamily D member 1 [Source:HGNC Symbol;Acc:HGNC:61]	11900	-0.25235310196876526	-0.5426879	No	
row_63	PDHB	pyruvate dehydrogenase E1 subunit beta [Source:HGNC Symbol;Acc:HGNC:8808]	12115	-0.2701900899410248	-0.5523243	No	
row_64	SURF1	SURF1 cytochrome c oxidase assembly factor [Source:HGNC Symbol;Acc:HGNC:11474]	12120	-0.27081161737442017	-0.5495321	No	
row_65	OGDHL	oxoglutarate dehydrogenase L [Source:HGNC Symbol;Acc:HGNC:25590]	12173	-0.2758066654205322	-0.54952335	No	
row_66	MRPS36	mitochondrial ribosomal protein S36 [Source:HGNC Symbol;Acc:HGNC:16631]	12196	-0.2773609757423401	-0.54772264	No	
row_67	AK4	adenylate kinase 4 [Source:HGNC Symbol;Acc:HGNC:363]	12202	-0.27810245752334595	-0.5449081	No	
row_68	HIF1A	hypoxia inducible factor 1 subunit alpha [Source:HGNC Symbol;Acc:HGNC:4910]	12359	-0.2906859815120697	-0.55088454	No	
row_69	AFG1L	AFG1 like ATPase [Source:HGNC Symbol;Acc:HGNC:16411]	12580	-0.3076639771461487	-0.56045675	Yes	
row_70	MTFR1	mitochondrial fission regulator 1 [Source:HGNC Symbol;Acc:HGNC:29510]	12592	-0.30917826294898987	-0.5576496	Yes	
row_71	IDH3B	isocitrate dehydrogenase (NAD(+)) 3 non-catalytic subunit beta [Source:HGNC Symbol;Acc:HGNC:5385]	12593	-0.30928149819374084	-0.5541906	Yes	
row_72	UQCRFS1	ubiquinol-cytochrome c reductase, Rieske iron-sulfur polypeptide 1 [Source:HGNC Symbol;Acc:HGNC:12587]	12609	-0.3110488951206207	-0.5515991	Yes	
row_73	DLD	dihydrolipoamide dehydrogenase [Source:HGNC Symbol;Acc:HGNC:2898]	12684	-0.3184415102005005	-0.5524148	Yes	
row_74	ARL2	ADP ribosylation factor like GTPase 2 [Source:HGNC Symbol;Acc:HGNC:693]	12704	-0.319728821516037	-0.54996276	Yes	
row_75	COQ9	coenzyme Q9 [Source:HGNC Symbol;Acc:HGNC:25302]	12716	-0.321004182100296	-0.5470233	Yes	
row_76	NDUFV3	NADH:ubiquinone oxidoreductase subunit V3 [Source:HGNC Symbol;Acc:HGNC:7719]	12728	-0.32234588265419006	-0.5440689	Yes	
row_77	ATPSCKMT	ATP synthase c subunit lysine N-methyltransferase [Source:HGNC Symbol;Acc:HGNC:27029]	12896	-0.33673420548439026	-0.550181	Yes	
row_78	SUCLG1	succinate-CoA ligase GDP/ADP-forming subunit alpha [Source:HGNC Symbol;Acc:HGNC:11449]	12983	-0.34535539150238037	-0.5514055	Yes	
row_79	DNAJC30	DnaJ heat shock protein family (Hsp40) member C30 [Source:HGNC Symbol;Acc:HGNC:16410]	13033	-0.3500186502933502	-0.55038923	Yes	
row_80	COX7A2L	cytochrome c oxidase subunit 7A2 like [Source:HGNC Symbol;Acc:HGNC:2289]	13043	-0.3509940207004547	-0.54699606	Yes	
row_81	DLAT	dihydrolipoamide S-acetyltransferase [Source:HGNC Symbol;Acc:HGNC:2896]	13049	-0.35181495547294617	-0.54335713	Yes	
row_82	CHCHD10	coiled-coil-helix-coiled-coil-helix domain containing 10 [Source:HGNC Symbol;Acc:HGNC:15559]	13110	-0.358662486076355	-0.5428949	Yes	
row_83	PDE12	phosphodiesterase 12 [Source:HGNC Symbol;Acc:HGNC:25386]	13243	-0.3722095489501953	-0.54653996	Yes	
row_84	TEFM	transcription elongation factor, mitochondrial [Source:HGNC Symbol;Acc:HGNC:26223]	13317	-0.3816106617450714	-0.54659003	Yes	
row_85	OGDH	oxoglutarate dehydrogenase [Source:HGNC Symbol;Acc:HGNC:8124]	13326	-0.3822535574436188	-0.5427881	Yes	
row_86	VCP	valosin containing protein [Source:HGNC Symbol;Acc:HGNC:12666]	13352	-0.3845459520816803	-0.5399661	Yes	
row_87	ATP5F1A	ATP synthase F1 subunit alpha [Source:HGNC Symbol;Acc:HGNC:823]	13378	-0.38748085498809814	-0.5371113	Yes	
row_88	MTFR1L	mitochondrial fission regulator 1 like [Source:HGNC Symbol;Acc:HGNC:28836]	13492	-0.39935359358787537	-0.53932893	Yes	
row_89	DHTKD1	dehydrogenase E1 and transketolase domain containing 1 [Source:HGNC Symbol;Acc:HGNC:23537]	13556	-0.4066149890422821	-0.5385078	Yes	
row_90	NDUFV1	NADH:ubiquinone oxidoreductase core subunit V1 [Source:HGNC Symbol;Acc:HGNC:7716]	13580	-0.40937745571136475	-0.5352898	Yes	
row_91	BNIP3	BCL2 interacting protein 3 [Source:HGNC Symbol;Acc:HGNC:1084]	13592	-0.4114716053009033	-0.5313386	Yes	
row_92	ATP5F1E	ATP synthase F1 subunit epsilon [Source:HGNC Symbol;Acc:HGNC:838]	13664	-0.41969555616378784	-0.5308444	Yes	
row_93	RHOA	ras homolog family member A [Source:HGNC Symbol;Acc:HGNC:667]	13675	-0.42112216353416443	-0.52672607	Yes	
row_94	NDUFS4	NADH:ubiquinone oxidoreductase subunit S4 [Source:HGNC Symbol;Acc:HGNC:7711]	13761	-0.4287891685962677	-0.5269583	Yes	
row_95	ATP5PF	ATP synthase peripheral stalk subunit F6 [Source:HGNC Symbol;Acc:HGNC:847]	13788	-0.4317634701728821	-0.5236674	Yes	
row_96	COX8C	cytochrome c oxidase subunit 8C [Source:HGNC Symbol;Acc:HGNC:24382]	13961	-0.4467761516571045	-0.52884454	Yes	
row_97	ADSL	adenylosuccinate lyase [Source:HGNC Symbol;Acc:HGNC:291]	13966	-0.44734418392181396	-0.524078	Yes	
row_98	DNAJC15	DnaJ heat shock protein family (Hsp40) member C15 [Source:HGNC Symbol;Acc:HGNC:20325]	14075	-0.45655545592308044	-0.52536017	Yes	
row_99	NDUFA8	NADH:ubiquinone oxidoreductase subunit A8 [Source:HGNC Symbol;Acc:HGNC:7692]	14092	-0.45798519253730774	-0.5211845	Yes	
row_100	COX5A	cytochrome c oxidase subunit 5A [Source:HGNC Symbol;Acc:HGNC:2267]	14126	-0.4615888297557831	-0.517974	Yes	
row_101	NDUFA5	NADH:ubiquinone oxidoreductase subunit A5 [Source:HGNC Symbol;Acc:HGNC:7688]	14129	-0.4618050158023834	-0.51292753	Yes	
row_102	UQCRB	ubiquinol-cytochrome c reductase binding protein [Source:HGNC Symbol;Acc:HGNC:12582]	14160	-0.4653339087963104	-0.50949776	Yes	
row_103	NDUFC2-KCTD14	NDUFC2-KCTD14 readthrough [Source:HGNC Symbol;Acc:HGNC:42956]	14182	-0.46756014227867126	-0.5055107	Yes	
row_104	COX7C	cytochrome c oxidase subunit 7C [Source:HGNC Symbol;Acc:HGNC:2292]	14238	-0.47422894835472107	-0.5034602	Yes	
row_105	NDUFA4	NDUFA4 mitochondrial complex associated [Source:HGNC Symbol;Acc:HGNC:7687]	14239	-0.4742572605609894	-0.49815613	Yes	
row_106	MTFR2	mitochondrial fission regulator 2 [Source:HGNC Symbol;Acc:HGNC:21115]	14298	-0.4813045859336853	-0.49620396	Yes	
row_107	ATP5PO	ATP synthase peripheral stalk subunit OSCP [Source:HGNC Symbol;Acc:HGNC:850]	14332	-0.4871715307235718	-0.4927074	Yes	
row_108	UQCRC1	ubiquinol-cytochrome c reductase core protein 1 [Source:HGNC Symbol;Acc:HGNC:12585]	14546	-0.5111119747161865	-0.4995902	Yes	
row_109	ATP5F1C	ATP synthase F1 subunit gamma [Source:HGNC Symbol;Acc:HGNC:833]	14657	-0.5279608964920044	-0.50019205	Yes	
row_110	NDUFA9	NADH:ubiquinone oxidoreductase subunit A9 [Source:HGNC Symbol;Acc:HGNC:7693]	14664	-0.5288883447647095	-0.49463186	Yes	
row_111	PINK1	PTEN induced kinase 1 [Source:HGNC Symbol;Acc:HGNC:14581]	14732	-0.5365521311759949	-0.49259415	Yes	
row_112	IDH3G	isocitrate dehydrogenase (NAD(+)) 3 non-catalytic subunit gamma [Source:HGNC Symbol;Acc:HGNC:5386]	14750	-0.5395616888999939	-0.48756525	Yes	
row_113	DGUOK	deoxyguanosine kinase [Source:HGNC Symbol;Acc:HGNC:2858]	14781	-0.5430245995521545	-0.4832666	Yes	
row_114	NDUFV2	NADH:ubiquinone oxidoreductase core subunit V2 [Source:HGNC Symbol;Acc:HGNC:7717]	14937	-0.5641913414001465	-0.486125	Yes	
row_115	NDUFS3	NADH:ubiquinone oxidoreductase core subunit S3 [Source:HGNC Symbol;Acc:HGNC:7710]	14952	-0.5666524767875671	-0.48061568	Yes	
row_116	COX4I1	cytochrome c oxidase subunit 4I1 [Source:HGNC Symbol;Acc:HGNC:2265]	14969	-0.5684570074081421	-0.47520447	Yes	
row_117	UQCRFS1P1	ubiquinol-cytochrome c reductase, Rieske iron-sulfur polypeptide 1 pseudogene 1 [Source:HGNC Symbol;Acc:HGNC:12588]	14983	-0.5705153942108154	-0.46959278	Yes	
row_118	COX6C	cytochrome c oxidase subunit 6C [Source:HGNC Symbol;Acc:HGNC:2285]	15016	-0.5767849683761597	-0.4650348	Yes	
row_119	FXN	frataxin [Source:HGNC Symbol;Acc:HGNC:3951]	15063	-0.5844234228134155	-0.46121955	Yes	
row_120	SDHAF2	succinate dehydrogenase complex assembly factor 2 [Source:HGNC Symbol;Acc:HGNC:26034]	15170	-0.6002588868141174	-0.46077624	Yes	
row_121	ATP5ME	ATP synthase membrane subunit e [Source:HGNC Symbol;Acc:HGNC:846]	15189	-0.6045578122138977	-0.45507956	Yes	
row_122	NDUFA1	NADH:ubiquinone oxidoreductase subunit A1 [Source:HGNC Symbol;Acc:HGNC:7683]	15280	-0.6224969625473022	-0.4534411	Yes	
row_123	NDUFA6	NADH:ubiquinone oxidoreductase subunit A6 [Source:HGNC Symbol;Acc:HGNC:7690]	15288	-0.6237484216690063	-0.44687915	Yes	
row_124	UQCC3	ubiquinol-cytochrome c reductase complex assembly factor 3 [Source:HGNC Symbol;Acc:HGNC:34399]	15303	-0.6264206171035767	-0.44070137	Yes	
row_125	NDUFC2	NADH:ubiquinone oxidoreductase subunit C2 [Source:HGNC Symbol;Acc:HGNC:7706]	15312	-0.628546416759491	-0.4341449	Yes	
row_126	SDHB	succinate dehydrogenase complex iron sulfur subunit B [Source:HGNC Symbol;Acc:HGNC:10681]	15333	-0.6319501996040344	-0.4282602	Yes	
row_127	ATP5PB	ATP synthase peripheral stalk-membrane subunit b [Source:HGNC Symbol;Acc:HGNC:840]	15368	-0.6370782256126404	-0.42314625	Yes	
row_128	NDUFAB1	NADH:ubiquinone oxidoreductase subunit AB1 [Source:HGNC Symbol;Acc:HGNC:7694]	15371	-0.6375964283943176	-0.41613364	Yes	
row_129	ACO1	aconitase 1 [Source:HGNC Symbol;Acc:HGNC:117]	15374	-0.6386134028434753	-0.4091097	Yes	
row_130	COX6A1	cytochrome c oxidase subunit 6A1 [Source:HGNC Symbol;Acc:HGNC:2277]	15382	-0.6400578618049622	-0.40236536	Yes	
row_131	UQCRH	ubiquinol-cytochrome c reductase hinge protein [Source:HGNC Symbol;Acc:HGNC:12590]	15427	-0.650939404964447	-0.39768788	Yes	
row_132	ANTKMT	adenine nucleotide translocase lysine methyltransferase [Source:HGNC Symbol;Acc:HGNC:14152]	15438	-0.6531449556350708	-0.3909746	Yes	
row_133	NDUFB9	NADH:ubiquinone oxidoreductase subunit B9 [Source:HGNC Symbol;Acc:HGNC:7704]	15540	-0.6734526753425598	-0.3894169	Yes	
row_134	NDUFB4	NADH:ubiquinone oxidoreductase subunit B4 [Source:HGNC Symbol;Acc:HGNC:7699]	15544	-0.6739382743835449	-0.38205704	Yes	
row_135	NDUFB10	NADH:ubiquinone oxidoreductase subunit B10 [Source:HGNC Symbol;Acc:HGNC:7696]	15549	-0.6757568120956421	-0.37473598	Yes	
row_136	CYC1	cytochrome c1 [Source:HGNC Symbol;Acc:HGNC:2579]	15554	-0.6765102744102478	-0.3674065	Yes	
row_137	MDH1	malate dehydrogenase 1 [Source:HGNC Symbol;Acc:HGNC:6970]	15636	-0.6931487321853638	-0.3644455	Yes	
row_138	NDUFA13	NADH:ubiquinone oxidoreductase subunit A13 [Source:HGNC Symbol;Acc:HGNC:17194]	15665	-0.7008460164070129	-0.35826346	Yes	
row_139	NDUFS5	NADH:ubiquinone oxidoreductase subunit S5 [Source:HGNC Symbol;Acc:HGNC:7712]	15696	-0.70878666639328	-0.35211092	Yes	
row_140	MDH2	malate dehydrogenase 2 [Source:HGNC Symbol;Acc:HGNC:6971]	15710	-0.7113708257675171	-0.34492388	Yes	
row_141	COX6B1	cytochrome c oxidase subunit 6B1 [Source:HGNC Symbol;Acc:HGNC:2280]	15735	-0.7182523012161255	-0.33831057	Yes	
row_142	NDUFB11	NADH:ubiquinone oxidoreductase subunit B11 [Source:HGNC Symbol;Acc:HGNC:20372]	15770	-0.7278240919113159	-0.33218172	Yes	
row_143	STOML2	stomatin like 2 [Source:HGNC Symbol;Acc:HGNC:14559]	15785	-0.7320704460144043	-0.32482234	Yes	
row_144	COX7A1	cytochrome c oxidase subunit 7A1 [Source:HGNC Symbol;Acc:HGNC:2287]	15790	-0.7326862215995789	-0.31686458	Yes	
row_145	ATP5F1D	ATP synthase F1 subunit delta [Source:HGNC Symbol;Acc:HGNC:837]	15834	-0.7439385652542114	-0.31108785	Yes	
row_146	NDUFB6	NADH:ubiquinone oxidoreductase subunit B6 [Source:HGNC Symbol;Acc:HGNC:7701]	15892	-0.7554987668991089	-0.30600992	Yes	
row_147	NDUFA11	NADH:ubiquinone oxidoreductase subunit A11 [Source:HGNC Symbol;Acc:HGNC:20371]	15899	-0.7567903995513916	-0.2979009	Yes	
row_148	IDH3A	isocitrate dehydrogenase (NAD(+)) 3 catalytic subunit alpha [Source:HGNC Symbol;Acc:HGNC:5384]	15933	-0.7673952579498291	-0.29127032	Yes	
row_149	COX5B	cytochrome c oxidase subunit 5B [Source:HGNC Symbol;Acc:HGNC:2269]	15940	-0.7700185179710388	-0.2830133	Yes	
row_150	CHCHD2	coiled-coil-helix-coiled-coil-helix domain containing 2 [Source:HGNC Symbol;Acc:HGNC:21645]	15964	-0.7765935063362122	-0.27568838	Yes	
row_151	NDUFB3	NADH:ubiquinone oxidoreductase subunit B3 [Source:HGNC Symbol;Acc:HGNC:7698]	15986	-0.7806957960128784	-0.26819924	Yes	
row_152	NDUFS7	NADH:ubiquinone oxidoreductase core subunit S7 [Source:HGNC Symbol;Acc:HGNC:7714]	15995	-0.7830492854118347	-0.25991482	Yes	
row_153	COX6B2	cytochrome c oxidase subunit 6B2 [Source:HGNC Symbol;Acc:HGNC:24380]	16000	-0.7841873168945312	-0.25138107	Yes	
row_154	NDUFB8	NADH:ubiquinone oxidoreductase subunit B8 [Source:HGNC Symbol;Acc:HGNC:7703]	16011	-0.7865127325057983	-0.2431762	Yes	
row_155	SLC25A33	solute carrier family 25 member 33 [Source:HGNC Symbol;Acc:HGNC:29681]	16013	-0.7875171303749084	-0.23442777	Yes	
row_156	ATP5F1B	ATP synthase F1 subunit beta [Source:HGNC Symbol;Acc:HGNC:830]	16035	-0.7933491468429565	-0.2267971	Yes	
row_157	NDUFS6	NADH:ubiquinone oxidoreductase subunit S6 [Source:HGNC Symbol;Acc:HGNC:7713]	16048	-0.7963430881500244	-0.21860062	Yes	
row_158	UQCR10	ubiquinol-cytochrome c reductase, complex III subunit X [Source:HGNC Symbol;Acc:HGNC:30863]	16102	-0.8083801865577698	-0.21269467	Yes	
row_159	BLOC1S1	biogenesis of lysosomal organelles complex 1 subunit 1 [Source:HGNC Symbol;Acc:HGNC:4200]	16141	-0.824131965637207	-0.2057253	Yes	
row_160	NDUFA12	NADH:ubiquinone oxidoreductase subunit A12 [Source:HGNC Symbol;Acc:HGNC:23987]	16163	-0.8300155401229858	-0.19768457	Yes	
row_161	NDUFB7	NADH:ubiquinone oxidoreductase subunit B7 [Source:HGNC Symbol;Acc:HGNC:7702]	16166	-0.8307865858078003	-0.18851134	Yes	
row_162	PARK7	Parkinsonism associated deglycase [Source:HGNC Symbol;Acc:HGNC:16369]	16178	-0.8349098563194275	-0.17982437	Yes	
row_163	CDK1	cyclin dependent kinase 1 [Source:HGNC Symbol;Acc:HGNC:1722]	16179	-0.8349764943122864	-0.17048599	Yes	
row_164	SDHC	succinate dehydrogenase complex subunit C [Source:HGNC Symbol;Acc:HGNC:10682]	16196	-0.8411092758178711	-0.16202544	Yes	
row_165	UQCC2	ubiquinol-cytochrome c reductase complex assembly factor 2 [Source:HGNC Symbol;Acc:HGNC:21237]	16273	-0.8611027598381042	-0.1568903	Yes	
row_166	UQCR11	ubiquinol-cytochrome c reductase, complex III subunit XI [Source:HGNC Symbol;Acc:HGNC:30862]	16285	-0.8644441962242126	-0.14787301	Yes	
row_167	NDUFA2	NADH:ubiquinone oxidoreductase subunit A2 [Source:HGNC Symbol;Acc:HGNC:7685]	16307	-0.8694483637809753	-0.13939127	Yes	
row_168	NDUFA7	NADH:ubiquinone oxidoreductase subunit A7 [Source:HGNC Symbol;Acc:HGNC:7691]	16311	-0.8707960844039917	-0.12982973	Yes	
row_169	NDUFB2	NADH:ubiquinone oxidoreductase subunit B2 [Source:HGNC Symbol;Acc:HGNC:7697]	16330	-0.8792340159416199	-0.121061094	Yes	
row_170	NDUFC1	NADH:ubiquinone oxidoreductase subunit C1 [Source:HGNC Symbol;Acc:HGNC:7705]	16405	-0.9050482511520386	-0.115316175	Yes	
row_171	ATP5MG	ATP synthase membrane subunit g [Source:HGNC Symbol;Acc:HGNC:14247]	16423	-0.915120005607605	-0.10608703	Yes	
row_172	ATP5MF	ATP synthase membrane subunit f [Source:HGNC Symbol;Acc:HGNC:848]	16424	-0.9164255857467651	-0.09583773	Yes	
row_173	NDUFB1	NADH:ubiquinone oxidoreductase subunit B1 [Source:HGNC Symbol;Acc:HGNC:7695]	16429	-0.9201242327690125	-0.08578366	Yes	
row_174	NDUFS8	NADH:ubiquinone oxidoreductase core subunit S8 [Source:HGNC Symbol;Acc:HGNC:7715]	16457	-0.938164472579956	-0.07688829	Yes	
row_175	UQCRQ	ubiquinol-cytochrome c reductase complex III subunit VII [Source:HGNC Symbol;Acc:HGNC:29594]	16477	-0.9463604688644409	-0.06742806	Yes	
row_176	COX7A2	cytochrome c oxidase subunit 7A2 [Source:HGNC Symbol;Acc:HGNC:2288]	16484	-0.9516486525535583	-0.05713972	Yes	
row_177	ATP5PD	ATP synthase peripheral stalk subunit d [Source:HGNC Symbol;Acc:HGNC:845]	16487	-0.9536557793617249	-0.046592336	Yes	
row_178	PPIF	peptidylprolyl isomerase F [Source:HGNC Symbol;Acc:HGNC:9259]	16520	-0.979663074016571	-0.0375286	Yes	
row_179	COA6	cytochrome c oxidase assembly factor 6 [Source:HGNC Symbol;Acc:HGNC:18025]	16545	-0.995009183883667	-0.027820032	Yes	
row_180	COX8A	cytochrome c oxidase subunit 8A [Source:HGNC Symbol;Acc:HGNC:2294]	16557	-1.003902792930603	-0.017243037	Yes	
row_181	CCNB1	cyclin B1 [Source:HGNC Symbol;Acc:HGNC:1579]	16580	-1.019177794456482	-0.0071458644	Yes	
row_182	COX7B	cytochrome c oxidase subunit 7B [Source:HGNC Symbol;Acc:HGNC:2291]	16594	-1.0272537469863892	0.0035739853	Yes	
row_183	BID	BH3 interacting domain death agonist [Source:HGNC Symbol;Acc:HGNC:1050]	16697	-1.1132375001907349	0.009991075	Yes	
row_184	CYCS	cytochrome c, somatic [Source:HGNC Symbol;Acc:HGNC:19986]	16756	-1.1799031496047974	0.019756379	Yes	
